lat,long,T_mitja,Hum_mitja,Win_mitja,T_cv,Hum_cv,Win_cv
42.2184224121376,1.62148646202014,9.17142857142857,90.1428571428571,8.91428571428571,25.9149651879015,11.9038427627347,11.6837071476024
42.2191343876268,1.68205123804517,10.7714285714286,90.7142857142857,9.08571428571429,26.7970157673465,10.226804596353,10.9115418697468
42.1741145261896,1.6829864995571,11.152380952381,90.9047619047619,9.14285714285714,24.8146205012411,9.66485241011681,10.5962386457412
41.9940313674738,1.68670624889894,12.5071428571429,91.0357142857143,10.0642857142857,28.440907908975,9.32313835772275,29.3637154942158
41.9490096500678,1.68763089025631,13.5285714285714,91.3142857142857,10.7142857142857,28.8694172898572,9.10360699398406,34.803921347694
42.264834951161,1.741723802939,13.2952380952381,91.8809523809524,10.2714285714286,28.1570300926019,8.76710971916441,35.9237892846299
42.2198143939313,1.74261815509255,13.3040816326531,92.5102040816327,10.0673469387755,26.9826816777245,8.39667576092371,34.3347582061026
42.1747934667001,1.74351046448687,13.0428571428571,92.5535714285714,9.83928571428571,27.0153654004807,8.38417047427705,33.9493036270301
42.1297721695639,1.74440073655498,12.7952380952381,92.4126984126984,9.77460317460318,27.2280964491218,8.41034982220304,32.3952443740571
42.0847505026203,1.74528897670906,12.7671428571429,92.3,9.72285714285714,26.5330977790986,8.42927834015019,31.0582577718428
42.0397284659673,1.7461751903405,12.9766233766234,92.1688311688312,9.81948051948052,25.9347525505401,8.51106219212378,30.3107266972983
41.9947060597038,1.74705938282007,13.2761904761905,92.1071428571429,10.0702380952381,25.8558997641295,8.4937803475931,32.2804610042216
41.9496832839293,1.74794155949794,13.6098901098901,92.1318681318681,10.3197802197802,26.0415784340545,8.46521180445545,34.2278553532687
42.2654840023101,1.80233581858044,13.6755102040816,92.4285714285714,10.2142857142857,25.5178199674844,8.29800659912702,33.5645951482712
42.220462427948,1.80318711489566,13.6266666666667,92.6761904761905,10.1228571428571,25.2281100078984,8.13752211261293,32.9272065525177
42.1754404850127,1.80403646673937,13.5098214285714,92.8839285714286,10.0428571428571,25.2922762735011,7.99514869036955,32.3170713059771
42.1304181735964,1.80488387928346,13.3512605042017,92.8823529411765,9.93697478991597,25.6268973741576,8.01297033660888,32.2303628883105
42.0853954937923,1.80572935767994,13.4611111111111,93.0238095238095,10.002380952381,25.2448267748999,7.87313957123841,31.5472574618652
42.0403724456943,1.80657290706108,13.6187969924812,93.0751879699248,10.115037593985,25.0403399389682,7.78097572928246,31.5445365043651
41.9953490293969,1.80741453253948,13.795,93.1214285714286,10.2164285714286,24.9733538273456,7.69698307740272,31.5054460269485
41.9503252449954,1.80825423920815,13.9163265306122,93.1632653061225,10.3081632653061,24.700239651103,7.62010878025749,31.4418631960847
42.3111232020694,1.86213969750336,13.6824675324675,93.1818181818182,10.1876623376623,26.080763405177,7.58990572548714,31.5873402218066
42.2661010280459,1.86294978388187,13.7341614906832,93.2111801242236,10.0776397515528,25.7695271565906,7.54653141245342,31.6822547491399
42.2210784867195,1.86375801916695,13.7803571428571,93.3630952380952,10.1214285714286,25.3927293208439,7.49295835495137,31.0753380835722
42.1760555781777,1.8645644082882,13.8674285714286,93.4457142857143,10.1611428571429,25.1347261726703,7.40314711288133,30.6145250264826
42.1310323025088,1.86536895615624,13.9456043956044,93.521978021978,10.1978021978022,24.8783308638707,7.31863182380659,30.1846454893365
42.0860086598019,1.86617166766288,14.042328042328,93.5925925925926,10.231746031746,24.7013513679755,7.23895165196632,29.7825781305999
42.0409846501468,1.86697254768114,14.1602040816327,93.6071428571429,10.3,24.6070218744164,7.19394938965603,29.8172119613036
41.9959602736338,1.86777160106537,14.2630541871921,93.6206896551724,10.3635467980296,24.46539474688,7.1518059971243,29.8342372193143
41.9509355303544,1.86856883265133,14.3628571428571,93.6333333333333,10.4228571428571,24.3310728526803,7.11225545605476,29.8373921169086
42.3117091176532,1.92279867844368,14.1778801843318,93.5069124423963,10.3571428571429,25.47883764603,7.31733745120771,29.7781701849232
42.2666860255493,1.92356560027355,14.1799107142857,93.5803571428571,10.33125,25.2514124995705,7.27951920726989,29.4400218200724
42.221662567434,1.92433076959893,14.1393939393939,93.6450216450216,10.3069264069264,25.1635553001126,7.24974261124916,29.1135921905946
42.1766387433908,1.92509419108708,14.1100840336134,93.7100840336134,10.2840336134454,25.0410338677325,7.21462540953091,28.7982789559424
42.1316145535041,1.92585586938731,14.1583673469388,93.8122448979592,10.3261224489796,24.8020050530475,7.15306711530235,28.7433799416931
42.0865899978592,1.92661580913109,14.1690476190476,93.8968253968254,10.3484126984127,24.5705473289084,7.1196187069768,28.3968318852454
42.041565076542,1.92737401493213,14.2498069498069,93.988416988417,10.4084942084942,24.4594351785792,7.0528430556253,28.7053294036988
41.996539789639,1.92813049138644,14.3135338345865,94.0751879699248,10.4654135338346,24.301042685257,6.98798633784595,28.9766779851023
42.2672389921475,1.98418316916671,14.3065934065934,94.0586080586081,10.4102564102564,24.1572797640351,7.03072903434618,29.0010949148239
42.2222146674255,1.98490526786516,14.2925,94.1035714285714,10.3882142857143,24.0317970585703,7.00279415457991,28.7476505075194
42.1771899779928,1.9856257170709,14.2644599303136,94.1463414634146,10.3672473867596,23.9604971621509,6.97586616395956,28.5009036060101
42.1321649239301,1.98634452117186,14.2710884353741,94.2108843537415,10.3853741496599,23.7778670674119,6.94764435749934,28.2079940631632
42.0871395053189,1.9870616845391,14.3043189368771,94.2823920265781,10.4172757475083,23.5984732475517,6.89690047709519,28.1694606882569
42.0421137222416,1.98777721152691,14.336038961039,94.3506493506493,10.4477272727273,23.4252703990974,6.84747537966533,28.1297140016387
41.9970875747812,1.9884911064729,14.3879365079365,94.415873015873,10.4949206349206,23.3090470054334,6.79249469711693,28.3744488783846
42.1777092794703,2.04615888815671,14.3763975155279,94.4378881987578,10.4906832298137,23.1899021794297,6.78546544722953,28.1698205077408
42.1326834112798,2.04683481368734,14.3878419452888,94.4346504559271,10.5075987841945,23.0255976302537,6.78472703921293,28.131766752458
